{"cameraMode":{"drawMode":0,"name":"Shaded","section":"Shading Mode"},"sceneLighting":true,"audioPlay":false,"sceneViewState":{"m_AlwaysRefresh":false,"showFog":true,"showSkybox":true,"showFlares":true,"showImageEffects":true,"showParticleSystems":true,"showVisualEffectGraphs":true,"m_FxEnabled":true},"in2DMode":false,"pivot":{"x":151.90744018554688,"y":-34.1741943359375,"z":108.18060302734375},"rotation":{"x":0.2623528242111206,"y":-0.01880762167274952,"z":0.005149529781192541,"w":0.9648259878158569},"size":503.1485595703125,"orthographic":true}