{"cameraMode":{"drawMode":0,"name":"Shaded","section":"Shading Mode"},"sceneLighting":true,"audioPlay":false,"sceneViewState":{"m_AlwaysRefresh":false,"showFog":true,"showSkybox":true,"showFlares":true,"showImageEffects":true,"showParticleSystems":true,"showVisualEffectGraphs":true,"m_FxEnabled":true},"in2DMode":false,"pivot":{"x":198.90426635742188,"y":-7.536561965942383,"z":49.82658386230469},"rotation":{"x":0.30067145824432375,"y":-0.0028611698653548958,"z":0.0009020197903737426,"w":0.9537232518196106},"size":38.34010314941406,"orthographic":false}