{"cameraMode":{"drawMode":0,"name":"Shaded","section":"Shading Mode"},"sceneLighting":true,"audioPlay":false,"sceneViewState":{"m_AlwaysRefresh":false,"showFog":true,"showSkybox":true,"showFlares":true,"showImageEffects":true,"showParticleSystems":true,"showVisualEffectGraphs":true,"m_FxEnabled":true},"in2DMode":false,"pivot":{"x":34.189998626708987,"y":27.37000274658203,"z":-20.790000915527345},"rotation":{"x":0.22895096242427827,"y":-0.0029206157196313144,"z":0.0006864989991299808,"w":0.9734380841255188},"size":12.124356269836426,"orthographic":true}