{"cameraMode":{"drawMode":0,"name":"Shaded","section":"Shading Mode"},"sceneLighting":true,"audioPlay":false,"sceneViewState":{"m_AlwaysRefresh":false,"showFog":true,"showSkybox":true,"showFlares":true,"showImageEffects":true,"showParticleSystems":true,"showVisualEffectGraphs":true,"m_FxEnabled":true},"in2DMode":false,"pivot":{"x":50.47415542602539,"y":-3.0187416076660158,"z":33.58745193481445},"rotation":{"x":0.6012203097343445,"y":-0.0011881472310051323,"z":0.0009160927729681134,"w":0.7991310954093933},"size":32.75362777709961,"orthographic":true}