{"cameraMode":{"drawMode":0,"name":"Shaded","section":"Shading Mode"},"sceneLighting":true,"audioPlay":false,"sceneViewState":{"m_AlwaysRefresh":false,"showFog":true,"showSkybox":true,"showFlares":true,"showImageEffects":true,"showParticleSystems":true,"showVisualEffectGraphs":true,"m_FxEnabled":true},"in2DMode":false,"pivot":{"x":207.58018493652345,"y":86.8433837890625,"z":-94.51068115234375},"rotation":{"x":0.30124664306640627,"y":-0.001430320437066257,"z":0.0004518716596066952,"w":0.953545331954956},"size":87.00799560546875,"orthographic":true}