{"cameraMode":{"drawMode":0,"name":"Shaded","section":"Shading Mode"},"sceneLighting":true,"audioPlay":false,"sceneViewState":{"m_AlwaysRefresh":false,"showFog":true,"showSkybox":true,"showFlares":true,"showImageEffects":true,"showParticleSystems":true,"showVisualEffectGraphs":true,"m_FxEnabled":true},"in2DMode":false,"pivot":{"x":453.2891540527344,"y":293.78271484375,"z":0.9165191650390625},"rotation":{"x":0.02606225199997425,"y":-0.049763862043619159,"z":0.0013517370680347086,"w":0.9984734058380127},"size":351.7729187011719,"orthographic":true}