{"cameraMode":{"drawMode":0,"name":"Shaded","section":"Shading Mode"},"sceneLighting":true,"audioPlay":false,"sceneViewState":{"m_AlwaysRefresh":false,"showFog":true,"showSkybox":true,"showFlares":true,"showImageEffects":true,"showParticleSystems":true,"showVisualEffectGraphs":true,"m_FxEnabled":true},"in2DMode":false,"pivot":{"x":76.11198425292969,"y":51.815948486328128,"z":-91.84024047851563},"rotation":{"x":0.22895096242427827,"y":-0.0029206157196313144,"z":0.0006864989991299808,"w":0.9734380841255188},"size":79.53897094726563,"orthographic":true}