{"cameraMode":{"drawMode":0,"name":"Shaded","section":"Shading Mode"},"sceneLighting":true,"audioPlay":false,"sceneViewState":{"m_AlwaysRefresh":false,"showFog":true,"showSkybox":true,"showFlares":true,"showImageEffects":true,"showParticleSystems":true,"showVisualEffectGraphs":true,"m_FxEnabled":true},"in2DMode":false,"pivot":{"x":164.6763458251953,"y":33.93451690673828,"z":-2.082489013671875},"rotation":{"x":0.30124664306640627,"y":-0.001430320437066257,"z":0.0004518716596066952,"w":0.953545331954956},"size":479.33587646484377,"orthographic":true}