{"cameraMode":{"drawMode":0,"name":"Shaded","section":"Shading Mode"},"sceneLighting":true,"audioPlay":false,"sceneViewState":{"m_AlwaysRefresh":false,"showFog":true,"showSkybox":true,"showFlares":true,"showImageEffects":true,"showParticleSystems":true,"showVisualEffectGraphs":true,"m_FxEnabled":true},"in2DMode":false,"pivot":{"x":194.740966796875,"y":9.865962982177735,"z":17.750940322875978},"rotation":{"x":0.423927366733551,"y":0.027977820485830308,"z":-0.013106398284435273,"w":0.9051787853240967},"size":14.583858489990235,"orthographic":false}